{"stats":{"minecraft:picked_up":{"minecraft:magma_block":1,"minecraft:crafting_table":6,"minecraft:coarse_dirt":2,"minecraft:andesite":2,"minecraft:leather":3,"minecraft:wooden_pickaxe":2,"minecraft:smoker":1,"minecraft:oak_log":20,"minecraft:dirt":20,"minecraft:cooked_mutton":1,"minecraft:apple":1,"minecraft:beef":10,"minecraft:oak_boat":8,"minecraft:sugar_cane":8,"minecraft:egg":1,"minecraft:furnace":1,"minecraft:stick":7,"minecraft:gravel":1,"minecraft:spruce_sapling":1,"minecraft:white_bed":4,"minecraft:rooted_dirt":14,"minecraft:black_wool":3,"minecraft:netherrack":41,"minecraft:mutton":45,"minecraft:coal":26,"minecraft:cobblestone":23,"minecraft:white_wool":21},"minecraft:used":{"minecraft:cooked_mutton":10,"minecraft:water_bucket":9,"minecraft:stone_pickaxe":75,"minecraft:wooden_pickaxe":33,"minecraft:stone_hoe":41,"minecraft:crafting_table":6,"minecraft:white_bed":4,"minecraft:smoker":1,"minecraft:apple":1,"minecraft:stone_axe":55,"minecraft:cobblestone":4,"minecraft:furnace":1,"minecraft:bucket":10,"minecraft:oak_boat":8},"minecraft:custom":{"minecraft:interact_with_furnace":6,"minecraft:mob_kills":28,"minecraft:interact_with_crafting_table":8,"minecraft:leave_game":5,"minecraft:time_since_death":57629,"minecraft:sleep_in_bed":4,"minecraft:time_since_rest":8924,"minecraft:sprint_one_cm":209449,"minecraft:damage_taken":400,"minecraft:walk_one_cm":105985,"minecraft:drop":3,"minecraft:damage_dealt":2409,"minecraft:swim_one_cm":32806,"minecraft:fly_one_cm":218181,"minecraft:open_chest":3,"minecraft:crouch_one_cm":2259,"minecraft:play_time":57629,"minecraft:sneak_time":1028,"minecraft:walk_under_water_one_cm":8927,"minecraft:boat_one_cm":323058,"minecraft:jump":1166,"minecraft:walk_on_water_one_cm":4737,"minecraft:interact_with_smoker":5,"minecraft:total_world_time":57629,"minecraft:fall_one_cm":30109},"minecraft:mined":{"minecraft:white_bed":4,"minecraft:smoker":1,"minecraft:crafting_table":6,"minecraft:short_grass":11,"minecraft:grass_block":4,"minecraft:tall_grass":1,"minecraft:spruce_leaves":42,"minecraft:sugar_cane":6,"minecraft:rooted_dirt":14,"minecraft:large_fern":2,"minecraft:magma_block":1,"minecraft:coarse_dirt":2,"minecraft:furnace":1,"minecraft:andesite":2,"minecraft:coal_ore":24,"minecraft:oak_log":20,"minecraft:dirt":16,"minecraft:gravel":1,"minecraft:stone":23,"minecraft:netherrack":45,"minecraft:oak_leaves":13},"minecraft:crafted":{"minecraft:oak_planks":64,"minecraft:crafting_table":1,"minecraft:wooden_pickaxe":1,"minecraft:furnace":1,"minecraft:bucket":1,"minecraft:stone_axe":1,"minecraft:cooked_mutton":14,"minecraft:air":0,"minecraft:oak_boat":1,"minecraft:stick":8,"minecraft:stone_pickaxe":1,"minecraft:stone_sword":1,"minecraft:white_bed":1,"minecraft:stone_hoe":1,"minecraft:smoker":1},"minecraft:dropped":{"minecraft:poisonous_potato":10,"minecraft:wooden_pickaxe":2},"minecraft:killed":{"minecraft:sheep":24,"minecraft:cow":4}},"DataVersion":3953}