{"stats":{"minecraft:picked_up":{"minecraft:crafting_table":4,"minecraft:stick":4,"minecraft:magma_block":1,"minecraft:leather":3,"minecraft:wooden_pickaxe":2,"minecraft:smoker":1,"minecraft:gravel":1,"minecraft:oak_log":20,"minecraft:white_bed":3,"minecraft:dirt":12,"minecraft:cooked_mutton":1,"minecraft:apple":1,"minecraft:beef":10,"minecraft:oak_boat":5,"minecraft:furnace":1,"minecraft:netherrack":41,"minecraft:black_wool":3,"minecraft:sugar_cane":8,"minecraft:mutton":45,"minecraft:coal":26,"minecraft:white_wool":21,"minecraft:cobblestone":22,"minecraft:egg":1},"minecraft:used":{"minecraft:cooked_mutton":8,"minecraft:apple":1,"minecraft:stone_pickaxe":71,"minecraft:wooden_pickaxe":33,"minecraft:stone_axe":53,"minecraft:cobblestone":4,"minecraft:crafting_table":4,"minecraft:furnace":1,"minecraft:white_bed":3,"minecraft:smoker":1,"minecraft:oak_boat":5},"minecraft:custom":{"minecraft:time_since_rest":7816,"minecraft:interact_with_furnace":6,"minecraft:sprint_one_cm":172396,"minecraft:damage_taken":340,"minecraft:walk_one_cm":94651,"minecraft:mob_kills":28,"minecraft:drop":2,"minecraft:damage_dealt":2409,"minecraft:swim_one_cm":14593,"minecraft:interact_with_crafting_table":6,"minecraft:fly_one_cm":154535,"minecraft:play_time":44784,"minecraft:crouch_one_cm":2259,"minecraft:sneak_time":808,"minecraft:walk_under_water_one_cm":1966,"minecraft:boat_one_cm":183931,"minecraft:jump":838,"minecraft:leave_game":4,"minecraft:time_since_death":44784,"minecraft:total_world_time":44784,"minecraft:interact_with_smoker":5,"minecraft:walk_on_water_one_cm":2791,"minecraft:fall_one_cm":20517,"minecraft:sleep_in_bed":3},"minecraft:crafted":{"minecraft:oak_boat":1,"minecraft:oak_planks":64,"minecraft:crafting_table":1,"minecraft:stick":8,"minecraft:wooden_pickaxe":1,"minecraft:stone_pickaxe":1,"minecraft:stone_sword":1,"minecraft:furnace":1,"minecraft:white_bed":1,"minecraft:stone_axe":1,"minecraft:air":0,"minecraft:cooked_mutton":14,"minecraft:smoker":1},"minecraft:mined":{"minecraft:magma_block":1,"minecraft:white_bed":3,"minecraft:furnace":1,"minecraft:smoker":1,"minecraft:crafting_table":4,"minecraft:short_grass":11,"minecraft:grass_block":4,"minecraft:oak_log":20,"minecraft:coal_ore":24,"minecraft:gravel":1,"minecraft:dirt":8,"minecraft:spruce_leaves":3,"minecraft:tall_grass":1,"minecraft:stone":22,"minecraft:netherrack":45,"minecraft:sugar_cane":6,"minecraft:oak_leaves":12},"minecraft:dropped":{"minecraft:wooden_pickaxe":2},"minecraft:killed":{"minecraft:sheep":24,"minecraft:cow":4}},"DataVersion":3953}