{"stats":{"minecraft:mined":{"minecraft:white_bed":1,"minecraft:furnace":1,"minecraft:smoker":1,"minecraft:crafting_table":3,"minecraft:short_grass":11,"minecraft:grass_block":3,"minecraft:oak_log":20,"minecraft:coal_ore":3,"minecraft:gravel":1,"minecraft:dirt":8,"minecraft:tall_grass":1,"minecraft:stone":20,"minecraft:sugar_cane":5,"minecraft:oak_leaves":10},"minecraft:used":{"minecraft:cooked_mutton":3,"minecraft:apple":1,"minecraft:stone_pickaxe":2,"minecraft:wooden_pickaxe":33,"minecraft:stone_axe":51,"minecraft:crafting_table":3,"minecraft:furnace":1,"minecraft:white_bed":1,"minecraft:smoker":1},"minecraft:custom":{"minecraft:time_since_rest":10190,"minecraft:interact_with_furnace":6,"minecraft:sprint_one_cm":91979,"minecraft:damage_taken":130,"minecraft:walk_one_cm":69035,"minecraft:mob_kills":27,"minecraft:drop":2,"minecraft:damage_dealt":2329,"minecraft:swim_one_cm":3427,"minecraft:interact_with_crafting_table":5,"minecraft:fly_one_cm":66748,"minecraft:play_time":24372,"minecraft:sneak_time":57,"minecraft:walk_under_water_one_cm":839,"minecraft:jump":364,"minecraft:interact_with_smoker":5,"minecraft:leave_game":2,"minecraft:time_since_death":24372,"minecraft:walk_on_water_one_cm":812,"minecraft:sleep_in_bed":1,"minecraft:total_world_time":24372,"minecraft:fall_one_cm":7286},"minecraft:crafted":{"minecraft:oak_planks":64,"minecraft:crafting_table":1,"minecraft:stick":8,"minecraft:wooden_pickaxe":1,"minecraft:stone_pickaxe":1,"minecraft:stone_sword":1,"minecraft:furnace":1,"minecraft:white_bed":1,"minecraft:stone_axe":1,"minecraft:smoker":1,"minecraft:air":0,"minecraft:cooked_mutton":14},"minecraft:killed":{"minecraft:sheep":23,"minecraft:cow":4},"minecraft:dropped":{"minecraft:wooden_pickaxe":2},"minecraft:picked_up":{"minecraft:stick":4,"minecraft:crafting_table":3,"minecraft:leather":3,"minecraft:wooden_pickaxe":2,"minecraft:smoker":1,"minecraft:gravel":1,"minecraft:oak_log":20,"minecraft:white_bed":1,"minecraft:dirt":11,"minecraft:cooked_mutton":1,"minecraft:apple":1,"minecraft:beef":10,"minecraft:black_wool":3,"minecraft:sugar_cane":6,"minecraft:mutton":44,"minecraft:coal":5,"minecraft:egg":1,"minecraft:white_wool":20,"minecraft:cobblestone":20,"minecraft:furnace":1}},"DataVersion":3953}