{"stats":{"minecraft:mined":{"minecraft:crafting_table":1,"minecraft:oak_log":16,"minecraft:grass_block":3,"minecraft:coal_ore":3,"minecraft:gravel":1,"minecraft:dirt":8,"minecraft:stone":20,"minecraft:sugar_cane":5,"minecraft:oak_leaves":10},"minecraft:picked_up":{"minecraft:stick":4,"minecraft:crafting_table":1,"minecraft:wooden_pickaxe":2,"minecraft:gravel":1,"minecraft:oak_log":16,"minecraft:dirt":11,"minecraft:apple":1,"minecraft:sugar_cane":6,"minecraft:black_wool":1,"minecraft:mutton":3,"minecraft:coal":3,"minecraft:white_wool":2,"minecraft:cobblestone":20},"minecraft:custom":{"minecraft:time_since_rest":9015,"minecraft:sprint_one_cm":33306,"minecraft:walk_one_cm":11096,"minecraft:mob_kills":3,"minecraft:drop":2,"minecraft:damage_dealt":240,"minecraft:interact_with_crafting_table":2,"minecraft:fly_one_cm":14096,"minecraft:play_time":9015,"minecraft:sneak_time":54,"minecraft:jump":81,"minecraft:leave_game":1,"minecraft:time_since_death":9015,"minecraft:total_world_time":9015,"minecraft:fall_one_cm":1047},"minecraft:crafted":{"minecraft:oak_planks":64,"minecraft:crafting_table":1,"minecraft:stick":8,"minecraft:wooden_pickaxe":1,"minecraft:stone_pickaxe":1,"minecraft:stone_sword":1,"minecraft:stone_axe":1},"minecraft:used":{"minecraft:wooden_pickaxe":33,"minecraft:stone_axe":9,"minecraft:crafting_table":1},"minecraft:dropped":{"minecraft:wooden_pickaxe":2},"minecraft:killed":{"minecraft:sheep":3}},"DataVersion":3953}